Top pages,Clicks,Impressions,CTR,Position
https://www.100seotools.com/,4,24,16.67%,31.17
https://100seotools.com/,3,29,10.34%,19.62
https://100seotools.com/tools/seo-checklist-generator,2,16,12.5%,8.62
https://100seotools.com/tools/keyword-suggestion-tool,1,335,0.3%,73.64
https://100seotools.com/blog/100-free-seo-tools-ultimate-list,1,107,0.93%,58.36
https://www.100seotools.com/blog/free-seo-tools-list-2024,1,71,1.41%,46.11
https://100seotools.com/tools/nap-consistency-checker,1,58,1.72%,32.17
https://100seotools.com/tools/local-keyword-generator,1,26,3.85%,49.27
https://100seotools.com/tools/content-freshness-checker,1,9,11.11%,4.22
https://100seotools.com/tools/visibility-index-calculator,1,7,14.29%,8.14
https://100seotools.com/tools/text-to-html-converter,1,2,50%,5.5
https://100seotools.com/tools/ai-schema-generator,1,1,100%,20
https://www.100seotools.com/blog/keyword-suggestion-tool,0,644,0%,82.76
https://100seotools.com/tools/keyword-clustering-tool,0,632,0%,81.86
https://www.100seotools.com/blog/on-page-seo-audit-checker-how-to-use,0,571,0%,87.62
https://100seotools.com/blog/keyword-suggestion-tool,0,441,0%,85.78
https://100seotools.com/tools/robots-txt-validator,0,363,0%,81.73
https://100seotools.com/tools/headline-analyzer,0,305,0%,69.49
https://100seotools.com/blog/title-meta-length-counter,0,242,0%,90.34
https://www.100seotools.com/blog/title-meta-length-counter,0,204,0%,79.91
https://100seotools.com/tools/on-page-seo-audit-checker,0,157,0%,86.85
https://100seotools.com/blog/title-meta-length-counter-features-benefits-keywords,0,96,0%,62.88
https://100seotools.com/tools/ai-content-detector,0,76,0%,74.93
https://www.100seotools.com/blog/keyword-density-checker,0,69,0%,89.88
https://100seotools.com/blog/structured-data-validator,0,61,0%,44.97
https://100seotools.com/tools/featured-snippet-optimizer,0,60,0%,27.72
https://www.100seotools.com/blog/nap-consistency-checker,0,40,0%,45.8
https://www.100seotools.com/blog/keyword-clustering-tool-features-benefits-keywords,0,40,0%,66.67
https://www.100seotools.com/blog/reverse-image-search,0,34,0%,71.09
https://www.100seotools.com/blog/visibility-index-calculator-popular-search-terms,0,29,0%,55.24
https://100seotools.com/blog/keyword-difficulty-estimator-features-benefits-keywords,0,27,0%,57.19
https://www.100seotools.com/blog/title-meta-length-counter-best-practices-integrations-costs,0,26,0%,94
https://100seotools.com/blog/robots-txt-validator,0,23,0%,83.39
https://www.100seotools.com/blog/local-keyword-generator-popular-search-terms,0,21,0%,65.38
https://100seotools.com/category,0,20,0%,5.9
https://www.100seotools.com/blog/nap-consistency-checker-features-benefits-keywords/p/3,0,20,0%,72.15
https://www.100seotools.com/blog/tp/9,0,19,0%,12.32
https://www.100seotools.com/tools/local-citation-finder,0,18,0%,27.72
https://www.100seotools.com/blog/competitor-gap-analyzer,0,18,0%,70.11
https://100seotools.com/blog/long-tail-keyword-generator-how-to-use,0,17,0%,38.24
https://www.100seotools.com/tools/competitor-keyword-overlap-checker,0,17,0%,49.06
https://100seotools.com/blog/keyword-comparison-tool-features-benefits-keywords,0,17,0%,57.82
https://100seotools.com/blog/keyword-suggestion-tool-how-to-use,0,17,0%,59.76
https://100seotools.com/blog/on-page-seo-audit-checker-features-benefits-keywords,0,16,0%,75
https://www.100seotools.com/blog/anchor-text-analyzer-how-to-use,0,15,0%,62.2
https://www.100seotools.com/blog/meta-tag-generator,0,15,0%,96.13
https://www.100seotools.com/tools/competitor-gap-analyzer,0,14,0%,57
https://100seotools.com/tools/meta-description-optimizer,0,14,0%,58.64
https://www.100seotools.com/blog/domain-comparison-report-tool,0,14,0%,62.86
https://www.100seotools.com/blog/reverse-image-search-guide,0,13,0%,7.08
https://www.100seotools.com/blog/on-page-seo-audit-checker-popular-search-terms,0,13,0%,18.46
https://100seotools.com/blog/traffic-potential-calculator-features-benefits-keywords,0,13,0%,26.46
https://www.100seotools.com/tools/search-preview-simulator,0,13,0%,54.46
https://100seotools.com/blog/local-keyword-generator,0,13,0%,59.77
https://www.100seotools.com/blog/featured-snippet-optimizer-popular-search-terms,0,13,0%,63.54
https://www.100seotools.com/tools/hreflang-tag-generator,0,13,0%,71.92
https://www.100seotools.com/blog/domain-comparison-report-tool-features-benefits-keywords,0,12,0%,36
https://100seotools.com/blog/robots-txt-validator-how-to-use,0,12,0%,43.25
https://www.100seotools.com/blog/seo-health-score-calculator-popular-search-terms,0,12,0%,47
https://100seotools.com/tools/duplicate-content-checker,0,12,0%,55.25
https://100seotools.com/tools/keyword-gap-finder,0,12,0%,64.5
https://www.100seotools.com/blog/keyword-comparison-tool-how-to-use,0,12,0%,77.08
https://100seotools.com/blog/keyword-density-checker-features-benefits-keywords,0,12,0%,92.92
https://www.100seotools.com/blog/keyword-difficulty-estimator,0,12,0%,93.92
https://100seotools.com/blog/competitor-keyword-overlap-checker,0,11,0%,36.91
https://www.100seotools.com/seo-cost-calculator,0,11,0%,58.27
https://www.100seotools.com/blog/headline-analyzer-popular-search-terms,0,11,0%,84
https://100seotools.com/blog/keyword-intent-identifier-how-to-use,0,11,0%,94.73
https://www.100seotools.com/category/seo-performance,0,10,0%,6.4
https://100seotools.com/blog/reverse-image-search-features-benefits-keywords,0,10,0%,68.3
https://www.100seotools.com/blog/keyword-suggestion-tool-popular-search-terms,0,10,0%,69
https://www.100seotools.com/blog/title-meta-length-counter-popular-search-terms,0,10,0%,82.5
https://www.100seotools.com/blog/competitor-gap-analyzer-best-practices-integrations-costs,0,9,0%,25.56
https://www.100seotools.com/tools/local-seo-audit-checklist,0,9,0%,34.56
https://www.100seotools.com/tools/anchor-text-analyzer,0,9,0%,65.22
https://www.100seotools.com/blog/robots-txt-validator-best-practices-integrations-costs,0,9,0%,71
https://www.100seotools.com/tools/text-to-html-converter,0,9,0%,77.22
https://www.100seotools.com/tools/canonical-tag-checker,0,9,0%,96.78
https://100seotools.com/tools/xml-sitemap-visualizer,0,8,0%,23.38
https://www.100seotools.com/blog/duplicate-content-checker,0,8,0%,34.25
https://www.100seotools.com/blog/seo-basics-59,0,8,0%,51.25
https://www.100seotools.com/blog/competitor-keyword-overlap-checker-best-practices-integrations-costs,0,8,0%,51.75
https://100seotools.com/blog/backlink-tracking-template-generator-popular-search-terms,0,8,0%,62.88
https://100seotools.com/blog/ctr-predictor-features-benefits-keywords,0,8,0%,95.5
https://www.100seotools.com/category/ai-tools,0,7,0%,7.43
https://100seotools.com/category/seo-analysis,0,7,0%,10.29
https://www.100seotools.com/blog/local-seo-audit-checklist-checklist-workflow,0,7,0%,43.71
https://100seotools.com/tools/competitor-gap-analyzer,0,7,0%,51.86
https://100seotools.com/tools/keyword-density-checker,0,7,0%,64
https://www.100seotools.com/tools/ranking-opportunity-finder,0,6,0%,17.33
https://100seotools.com/blog/geo-keyword-expansion-tool-features-benefits-keywords,0,6,0%,28.67
https://100seotools.com/blog/domain-comparison-report-tool-how-to-use,0,6,0%,29.17
https://www.100seotools.com/blog/keyword-expansion-tool-popular-search-terms,0,6,0%,37
https://100seotools.com/blog/ai-blog-intro-writer-how-to-use,0,6,0%,40
https://www.100seotools.com/blog/seo-basics-0,0,6,0%,43.5
https://100seotools.com/tools/local-seo-audit-checklist,0,6,0%,46
https://www.100seotools.com/blog/anchor-text-analyzer-features-benefits-keywords,0,6,0%,57.33
https://www.100seotools.com/blog/keyword-clustering-tool,0,6,0%,84.67
https://www.100seotools.com/blog/keyword-suggestion-tool-checklist-workflow/p/2,0,5,0%,25.2
https://100seotools.com/tools/redirect-301-generator,0,5,0%,28.4
https://www.100seotools.com/blog/structured-data-validator-best-practices-integrations-costs,0,5,0%,31.6
https://100seotools.com/tools/traffic-potential-calculator,0,4,0%,5.75
https://www.100seotools.com/blog/ai-content-improver,0,4,0%,8.75
https://100seotools.com/tools/product-description-generator,0,4,0%,19
https://100seotools.com/tools/organic-growth-forecast-tool,0,4,0%,26.75
https://100seotools.com/blog/nap-consistency-checker-guide-1,0,4,0%,27.25
https://www.100seotools.com/blog/mobile-friendly-test-how-to-use,0,4,0%,29
https://100seotools.com/blog/competitor-keyword-overlap-checker-checklist-workflow,0,4,0%,33.75
https://100seotools.com/blog/seo-basics-16,0,4,0%,36
https://100seotools.com/blog/competitor-gap-analyzer-features-benefits-keywords,0,4,0%,41.75
https://www.100seotools.com/seo-calculator,0,4,0%,47.5
https://www.100seotools.com/blog/site-comparison-report-generator-how-to-use,0,4,0%,51.5
https://www.100seotools.com/blog/nap-consistency-checker-popular-search-terms,0,4,0%,52
https://www.100seotools.com/blog/seo-basics-29,0,4,0%,60
https://www.100seotools.com/blog/seo-health-score-calculator-best-practices-integrations-costs,0,4,0%,64.25
https://100seotools.com/tools/keyword-difficulty-estimator,0,4,0%,66
https://100seotools.com/blog/long-tail-keyword-generator,0,4,0%,68.75
https://www.100seotools.com/blog/seo-health-score-calculator,0,4,0%,83.75
https://100seotools.com/tools/search-preview-simulator,0,3,0%,4
https://www.100seotools.com/blog/seo-basics-99,0,3,0%,5.67
https://100seotools.com/blog/site-comparison-report-generator-guide-1,0,3,0%,6
https://100seotools.com/tools/local-citation-finder,0,3,0%,7
https://www.100seotools.com/blog/redirect-301-generator,0,3,0%,7
https://www.100seotools.com/blog/seo-basics-9,0,3,0%,8.67
https://100seotools.com/blog/seo-basics-45,0,3,0%,9.33
https://www.100seotools.com/blog/seo-checklist-generator-popular-search-terms,0,3,0%,9.67
https://100seotools.com/tools/robots-txt-creator,0,3,0%,26.33
https://100seotools.com/blog/traffic-potential-calculator-popular-search-terms,0,3,0%,28
https://www.100seotools.com/tools/location-based-content-idea-generator,0,3,0%,38.67
https://100seotools.com/blog/competitor-gap-analyzer-how-to-use,0,3,0%,40
https://100seotools.com/blog/robots-txt-validator-best-practices-integrations-costs,0,3,0%,50
https://100seotools.com/tools/keyword-intent-identifier,0,3,0%,51.67
https://100seotools.com/blog/site-comparison-report-generator-guide-2,0,3,0%,54.67
https://www.100seotools.com/blog/seo-basics-60,0,3,0%,56.67
https://100seotools.com/blog/xml-sitemap-visualizer-best-practices-integrations-costs,0,3,0%,58.33
https://www.100seotools.com/blog/keyword-expansion-tool-features-benefits-keywords,0,3,0%,59.33
https://www.100seotools.com/blog/featured-snippet-optimizer,0,3,0%,63
https://www.100seotools.com/tools/ai-meta-tag-writer,0,3,0%,72.67
https://100seotools.com/blog/seo-checklist-generator,0,3,0%,76
https://www.100seotools.com/blog/local-keyword-generator-features-benefits-keywords,0,3,0%,79
https://100seotools.com/category/competitor-analysis,0,3,0%,91
https://100seotools.com/blog/p/11,0,2,0%,1.5
https://100seotools.com/blog/content-freshness-checker-features-benefits-keywords,0,2,0%,2.5
https://www.100seotools.com/blog/robots-txt-creator-checklist-workflow,0,2,0%,3
https://www.100seotools.com/blog/ai-blog-intro-writer-checklist-workflow,0,2,0%,3.5
https://100seotools.com/tools/canonical-url-builder,0,2,0%,4.5
https://100seotools.com/tools/sitemap-generator,0,2,0%,6
https://www.100seotools.com/tools/link-relevance-evaluator,0,2,0%,6
https://www.100seotools.com/blog/seo-basics-90,0,2,0%,6.5
https://100seotools.com/blog/xml-sitemap-visualizer-checklist-workflow,0,2,0%,7
https://100seotools.com/blog/free-robots-txt-generator-guide-1,0,2,0%,7.5
https://100seotools.com/blog/seo-basics-43,0,2,0%,7.5
https://www.100seotools.com/tools/meta-tag-comparison-tool,0,2,0%,8
https://100seotools.com/blog/local-citation-finder-how-to-use,0,2,0%,8.5
https://100seotools.com/blog/seo-basics-84,0,2,0%,8.5
https://100seotools.com/tools/internal-link-suggestion-tool,0,2,0%,8.5
https://www.100seotools.com/blog/ai-article-length-optimizer-features-benefits-keywords,0,2,0%,8.5
https://www.100seotools.com/blog/outreach-email-template-generator-popular-search-terms,0,2,0%,8.5
https://www.100seotools.com/blog/robots-txt-validator-guide-3/p/4,0,2,0%,8.5
https://www.100seotools.com/blog/url-slug-generator-checklist-workflow,0,2,0%,8.5
https://www.100seotools.com/blog/content-freshness-checker-guide-1/p/2,0,2,0%,9.5
https://www.100seotools.com/blog/faq-generator-best-practices-integrations-costs,0,2,0%,10
https://www.100seotools.com/blog/robots-txt-validator-guide-3/p/3,0,2,0%,10
https://www.100seotools.com/tools/ai-blog-intro-writer,0,2,0%,11.5
https://100seotools.com/blog/og-tag-generator,0,2,0%,12
https://100seotools.com/tools/keyword-expansion-tool,0,2,0%,20.5
https://100seotools.com/blog/image-alt-tag-generator-best-practices-integrations-costs,0,2,0%,27.5
https://www.100seotools.com/blog/seo-basics-62,0,2,0%,32
https://100seotools.com/category/seo-performance,0,2,0%,33
https://100seotools.com/tools/trending-keyword-visualizer,0,2,0%,35.5
https://www.100seotools.com/category/seo-utility,0,2,0%,35.5
https://100seotools.com/tools/mobile-friendly-test,0,2,0%,36.5
https://100seotools.com/tools/paragraph-keyword-optimizer,0,2,0%,37
https://100seotools.com/blog/reverse-image-search-best-practices-integrations-costs,0,2,0%,39.5
https://100seotools.com/blog/long-tail-keyword-generator-best-practices-integrations-costs,0,2,0%,52
https://www.100seotools.com/blog/visibility-index-calculator-how-to-use,0,2,0%,52
https://www.100seotools.com/tools/gmb-optimization-helper,0,2,0%,53
https://100seotools.com/blog/seo-basics-28,0,2,0%,53.5
https://www.100seotools.com/blog/sitemap-generator-features-benefits-keywords,0,2,0%,54
https://100seotools.com/blog/seo-basics-40,0,2,0%,55
https://100seotools.com/blog/seo-basics-21,0,2,0%,58.5
https://100seotools.com/blog/keyword-intent-identifier-features-benefits-keywords,0,2,0%,64
https://100seotools.com/blog/seo-basics-5,0,2,0%,69.5
https://www.100seotools.com/category/technical-seo,0,2,0%,73
https://www.100seotools.com/blog/keyword-suggestion-tool-best-practices-integrations-costs,0,2,0%,82
https://www.100seotools.com/blog/headline-analyzer-how-to-use,0,2,0%,86.5
https://100seotools.com/blog/anchor-text-analyzer-checklist-workflow,0,2,0%,90.5
https://www.100seotools.com/blog/nap-consistency-checker-guide-2,0,2,0%,91.5
https://www.100seotools.com/blog/featured-snippet-optimizer-best-practices-integrations-costs,0,2,0%,96
https://100seotools.com/blog/meta-description-optimizer,0,2,0%,96.5
https://www.100seotools.com/blog/ctr-predictor-best-practices-integrations-costs,0,2,0%,97.5
https://www.100seotools.com/tools/guest-posting-opportunity-finder,0,2,0%,97.5
https://100seotools.com/blog/keyword-intent-identifier,0,2,0%,98.5
https://100seotools.com/blog/mobile-friendly-test,0,2,0%,150.5
https://100seotools.com/blog/meta-description-optimizer-features-benefits-keywords,0,1,0%,1
https://www.100seotools.com/blog/og-tag-generator-how-to-use,0,1,0%,1
https://www.100seotools.com/faq,0,1,0%,1
https://100seotools.com/tools/content-length-comparator,0,1,0%,3
https://100seotools.com/tools/og-tag-generator,0,1,0%,3
https://www.100seotools.com/blog/blog-title-generator-guide-2,0,1,0%,3
https://www.100seotools.com/blog/keyword-intent-identifier-best-practices-integrations-costs,0,1,0%,3
https://www.100seotools.com/blog/keyword-placement-highlighter,0,1,0%,3
https://www.100seotools.com/blog/outreach-email-template-generator-features-benefits-keywords,0,1,0%,3
https://www.100seotools.com/blog/ranking-progress-tracker-features-benefits-keywords,0,1,0%,3
https://www.100seotools.com/blog/seo-basics-11/p/5,0,1,0%,3
https://www.100seotools.com/tools,0,1,0%,3
https://100seotools.com/blog/traffic-potential-calculator-best-practices-integrations-costs,0,1,0%,4
https://100seotools.com/tools/redirect-checker,0,1,0%,4
https://www.100seotools.com/blog/ai-content-detection-guide-2024,0,1,0%,4
https://www.100seotools.com/blog/faq-generator,0,1,0%,4
https://www.100seotools.com/blog/organic-growth-forecast-tool-best-practices-integrations-costs,0,1,0%,4
https://www.100seotools.com/blog/outreach-email-template-generator-best-practices-integrations-costs,0,1,0%,4
https://100seotools.com/blog/keyword-placement-highlighter,0,1,0%,5
https://www.100seotools.com/blog/page-speed-score-simulator-features-benefits-keywords,0,1,0%,5
https://www.100seotools.com/tools/impression-to-click-ratio-calculator,0,1,0%,5
https://www.100seotools.com/tools/internal-linking-planner,0,1,0%,5
https://100seotools.com/blog/faq-generator-checklist-workflow,0,1,0%,6
https://100seotools.com/tools/text-translator,0,1,0%,6
https://www.100seotools.com/blog/ai-blog-intro-writer-guide-1,0,1,0%,6
https://www.100seotools.com/blog/content-freshness-checker-features-benefits-keywords,0,1,0%,6
https://www.100seotools.com/blog/ctr-predictor,0,1,0%,6
https://www.100seotools.com/blog/image-alt-tag-generator-best-practices-integrations-costs,0,1,0%,6
https://100seotools.com/blog/ranking-progress-tracker,0,1,0%,7
https://100seotools.com/blog/text-translator-how-to-use,0,1,0%,7
https://www.100seotools.com/blog/seo-basics-83,0,1,0%,7
https://www.100seotools.com/blog/text-translator,0,1,0%,7
https://www.100seotools.com/tools/keyword-share-estimator,0,1,0%,7
https://100seotools.com/blog/local-seo-audit-checklist-best-practices-integrations-costs,0,1,0%,8
https://100seotools.com/blog/meta-description-writer-popular-search-terms,0,1,0%,8
https://100seotools.com/blog/seo-basics-77,0,1,0%,8
https://100seotools.com/tools/gmb-optimization-helper,0,1,0%,8
https://100seotools.com/blog/impression-to-click-ratio-calculator-best-practices-integrations-costs,0,1,0%,9
https://100seotools.com/blog/reverse-image-search-checklist-workflow,0,1,0%,9
https://100seotools.com/blog/seo-basics-47,0,1,0%,9
https://www.100seotools.com/blog/ai-schema-generator-best-practices-integrations-costs,0,1,0%,9
https://www.100seotools.com/blog/meta-tag-comparison-tool-how-to-use,0,1,0%,9
https://www.100seotools.com/blog/readability-score-calculator-popular-search-terms,0,1,0%,9
https://www.100seotools.com/blog/xml-sitemap-visualizer,0,1,0%,9
https://www.100seotools.com/blog/xml-sitemap-visualizer-guide-3,0,1,0%,9
https://www.100seotools.com/blog/xml-sitemap-visualizer-how-to-use,0,1,0%,9
https://100seotools.com/blog/ai-keyword-explainer,0,1,0%,10
https://100seotools.com/blog/canonical-url-builder-best-practices-integrations-costs,0,1,0%,10
https://100seotools.com/blog/nap-consistency-checker-popular-search-terms,0,1,0%,10
https://100seotools.com/blog/ranking-progress-tracker-features-benefits-keywords,0,1,0%,10
https://100seotools.com/blog/seo-basics-41,0,1,0%,10
https://100seotools.com/blog/seo-checklist-generator-guide-2,0,1,0%,10
https://100seotools.com/tools/ai-keyword-explainer,0,1,0%,10
https://100seotools.com/tools/ctr-predictor,0,1,0%,10
https://www.100seotools.com/blog/seo-basics-100/p/4,0,1,0%,10
https://www.100seotools.com/category/content-optimization,0,1,0%,10
https://www.100seotools.com/tools/internal-link-suggestion-tool,0,1,0%,10
https://www.100seotools.com/blog/content-freshness-checker-best-practices-integrations-costs/p/4,0,1,0%,11
https://www.100seotools.com/blog/keyword-placement-highlighter-checklist-workflow,0,1,0%,11
https://www.100seotools.com/blog/meta-tag-generator-best-practices-integrations-costs,0,1,0%,11
https://www.100seotools.com/blog/review-response-generator-guide-1,0,1,0%,11
https://100seotools.com/blog/text-translator-checklist-workflow,0,1,0%,12
https://www.100seotools.com/blog/internal-link-suggestion-tool-popular-search-terms,0,1,0%,12
https://www.100seotools.com/blog/reverse-image-search-features-benefits-keywords/p/4,0,1,0%,12
https://www.100seotools.com/blog/keyword-share-estimator-features-benefits-keywords,0,1,0%,19
https://www.100seotools.com/blog/traffic-potential-calculator,0,1,0%,23
https://www.100seotools.com/blog/seo-basics-65,0,1,0%,29
https://100seotools.com/blog/seo-basics-7,0,1,0%,30
https://100seotools.com/tools/url-slug-generator,0,1,0%,32
https://100seotools.com/blog/link-toxicity-checker,0,1,0%,34
https://www.100seotools.com/blog/ctr-predictor-checklist-workflow,0,1,0%,34
https://www.100seotools.com/blog/structured-data-validator-features-benefits-keywords,0,1,0%,34
https://100seotools.com/blog/ai-content-improver,0,1,0%,35
https://www.100seotools.com/blog/canonical-tag-checker,0,1,0%,37
https://www.100seotools.com/blog/seo-checklist-generator-checklist-workflow,0,1,0%,39
https://100seotools.com/blog/local-keyword-generator-guide-3,0,1,0%,44
https://100seotools.com/blog/redirect-301-generator-features-benefits-keywords,0,1,0%,44
https://100seotools.com/blog/seo-basics-17,0,1,0%,48
https://www.100seotools.com/blog/redirect-301-generator-features-benefits-keywords/p/2,0,1,0%,54
https://www.100seotools.com/blog/keyword-intent-identifier-checklist-workflow,0,1,0%,55
https://www.100seotools.com/blog/robots-txt-validator-checklist-workflow,0,1,0%,59
https://www.100seotools.com/blog/long-tail-keyword-generator-guide-2,0,1,0%,62
https://100seotools.com/blog/anchor-text-analyzer-best-practices-integrations-costs,0,1,0%,63
https://100seotools.com/blog/visibility-index-calculator,0,1,0%,64
https://100seotools.com/tools/anchor-text-analyzer,0,1,0%,65
https://www.100seotools.com/blog/keyword-expansion-tool-guide-3,0,1,0%,68
https://www.100seotools.com/blog/ai-content-improver-features-benefits-keywords,0,1,0%,70
https://www.100seotools.com/blog/internal-linking-planner,0,1,0%,70
https://www.100seotools.com/blog/review-response-generator-guide-3/p/5,0,1,0%,70
https://www.100seotools.com/blog/seo-checklist-generator-how-to-use,0,1,0%,71
https://100seotools.com/blog/google-my-business-optimization-helper-guide-1,0,1,0%,72
https://100seotools.com/blog/faq-generator-features-benefits-keywords,0,1,0%,74
https://www.100seotools.com/blog/gmb-optimization-helper-best-practices-integrations-costs,0,1,0%,75
https://100seotools.com/tools/ranking-progress-tracker,0,1,0%,77
https://www.100seotools.com/blog/blog-title-generator-checklist-workflow,0,1,0%,78
https://www.100seotools.com/blog/keyword-intent-identifier-guide-2,0,1,0%,78
https://100seotools.com/blog/meta-tag-comparison-tool-best-practices-integrations-costs,0,1,0%,79
https://www.100seotools.com/blog/outreach-email-template-generator-how-to-use,0,1,0%,79
https://100seotools.com/blog/gmb-optimization-helper-how-to-use,0,1,0%,82
https://100seotools.com/blog/local-schema-builder-features-benefits-keywords,0,1,0%,83
https://www.100seotools.com/blog/keyword-expansion-tool,0,1,0%,83
https://www.100seotools.com/blog/meta-description-writer-guide-1,0,1,0%,85
https://100seotools.com/blog/organic-growth-forecast-tool-checklist-workflow,0,1,0%,86
https://100seotools.com/blog/domain-authority-simulator-guide-2,0,1,0%,87
https://100seotools.com/blog/ai-content-improver-guide-3,0,1,0%,88
https://100seotools.com/blog/competitor-keyword-overlap-checker-popular-search-terms,0,1,0%,90
https://100seotools.com/tools/readability-score-calculator,0,1,0%,91
https://www.100seotools.com/blog/keyword-expansion-tool-how-to-use/p/3,0,1,0%,91
https://www.100seotools.com/blog/keyword-intent-identifier-popular-search-terms,0,1,0%,91
https://www.100seotools.com/blog/nap-consistency-checker-guide-3,0,1,0%,91
https://www.100seotools.com/blog/trending-keyword-visualizer-guide-1,0,1,0%,91
https://www.100seotools.com/tools/product-description-generator,0,1,0%,91
https://www.100seotools.com/tools/title-meta-length-counter,0,1,0%,91
https://www.100seotools.com/blog/image-alt-tag-generator-features-benefits-keywords,0,1,0%,92
https://100seotools.com/blog/long-tail-keyword-generator-popular-search-terms,0,1,0%,93
https://100seotools.com/blog/seo-basics-89,0,1,0%,93
https://www.100seotools.com/blog/ai-snippet-generator-guide-2,0,1,0%,93
https://www.100seotools.com/blog/ai-snippet-generator-guide-3,0,1,0%,95
https://www.100seotools.com/blog/organic-growth-forecast-tool-guide-1,0,1,0%,95
https://100seotools.com/blog/keyword-roi-calculator-guide-3,0,1,0%,96
https://www.100seotools.com/blog/internal-link-suggestion-tool-how-to-use,0,1,0%,97
https://www.100seotools.com/blog/ranking-progress-tracker-guide-3,0,1,0%,97
https://www.100seotools.com/blog/seo-basics-49,0,1,0%,97
https://www.100seotools.com/blog/duplicate-content-checker-features-benefits-keywords,0,1,0%,98
https://www.100seotools.com/blog/seo-basics-10,0,1,0%,98
https://100seotools.com/blog/seo-basics-88,0,1,0%,99
https://www.100seotools.com/blog/paragraph-keyword-optimizer-guide-3,0,1,0%,99
https://www.100seotools.com/blog/reverse-image-search-how-to-use/p/3,0,1,0%,99
https://www.100seotools.com/blog/local-citation-finder-guide-1,0,1,0%,100
https://www.100seotools.com/blog/headline-analyzer-how-to-use/p/2,0,1,0%,124
https://100seotools.com/blog/word-count-structure-checker,0,1,0%,126
https://100seotools.com/blog/ranking-opportunity-finder-how-to-use,0,1,0%,130
https://100seotools.com/blog/free-schema-markup-generator-guide-1,0,1,0%,134
https://www.100seotools.com/blog/meta-description-writer-how-to-use/p/5,0,1,0%,151
https://www.100seotools.com/blog/text-translator-popular-search-terms,0,1,0%,152
https://www.100seotools.com/blog/anchor-text-analyzer-best-practices-integrations-costs/p/5,0,1,0%,153
https://www.100seotools.com/tools/ai-faq-creator,0,1,0%,154