Top queries,Clicks,Impressions,CTR,Position
100 seo tools,2,81,2.47%,40.6
content freshness checker,1,5,20%,5.8
schema writer ai,1,1,100%,20
keyword suggestion,0,552,0%,77.53
keyword clustering tool,0,285,0%,80.09
keywords suggestion,0,273,0%,81.92
free keyword clustering tool,0,240,0%,81.8
keyword suggest,0,207,0%,94.31
onpage seo audit,0,176,0%,95.76
keyword suggestions,0,131,0%,90.4
keyword suggestion tool free,0,128,0%,79.16
on page seo audit,0,128,0%,94.95
meta description length,0,113,0%,93.35
title seo check,0,97,0%,53.62
robots txt validator,0,91,0%,76.36
robots.txt validator,0,89,0%,86.06
seo on page audit,0,78,0%,69.68
keyword cluster tool,0,73,0%,89.11
seo nap checker,0,70,0%,43.91
seo on page checker,0,68,0%,93.12
how to check on page seo,0,67,0%,67.72
seo suggestion tool,0,66,0%,68.05
length of meta title,0,65,0%,71.34
seo title length,0,65,0%,89.48
seo title checker,0,65,0%,90.62
meta description character limit,0,57,0%,84.16
title checker seo,0,54,0%,61.04
local keyword generator,0,52,0%,65.58
seo keyword density,0,52,0%,90.37
100 free seo tools,0,50,0%,83.26
robot.txt validator,0,49,0%,89.02
meta title character limit,0,49,0%,91.06
featured snippet optimization tool,0,44,0%,23.3
what is structured data validation,0,39,0%,24.69
check title seo,0,38,0%,60.53
seo description length,0,35,0%,89.97
meta title length,0,31,0%,85.03
title seo checker,0,29,0%,91.69
seo software web based,0,28,0%,78.61
seo meta keywords length,0,27,0%,51.56
keyword-cluster tool,0,26,0%,90.77
robots.txt validador,0,24,0%,69.17
seo compare domains,0,23,0%,42.35
keyword clustering github,0,23,0%,51.87
100 seo,0,22,0%,31.68
robots txt validation,0,20,0%,70.2
free on page seo checker,0,20,0%,95.35
seo keyword difficulty tool,0,19,0%,59.58
seo meta description length,0,19,0%,91.26
on page audit,0,19,0%,91.84
robots.txt validation,0,18,0%,66.61
free on-page seo checker,0,18,0%,94.89
onpage checker,0,18,0%,96.11
free onpage seo checker,0,17,0%,89.76
keyword density,0,17,0%,92.59
traffic potential,0,16,0%,23.62
reverse seo tools,0,16,0%,77.06
seo onpage audit,0,16,0%,82.62
what are the benefits of keyword clustering?,0,16,0%,89.44
free keyword suggestion tool,0,16,0%,90.62
competitor gap analysis,0,15,0%,69.87
on page checker,0,15,0%,94.13
seo headline checker,0,14,0%,92.5
robot txt validator,0,14,0%,93.29
keyword suggestion features,0,13,0%,51.85
robots txt validador,0,13,0%,65.38
"intitle:""seo audit checker""",0,12,0%,7.83
seo overlap tool,0,12,0%,50.25
meta tag optimization tool,0,12,0%,59.67
reverse search engine optimization,0,12,0%,70.75
keyword clustering tool free,0,12,0%,75.92
compare keywords,0,12,0%,76.58
search visibility checking tool,0,12,0%,90.83
100 seo tools website,0,11,0%,17.18
free featured snippet tool,0,11,0%,17.45
seo visibility index,0,11,0%,26.45
keyword compare,0,11,0%,41.73
hreflang tag generator,0,11,0%,69
seo tools reverse image search,0,11,0%,77.91
ai checker seo tools,0,11,0%,84.27
check robots.txt,0,11,0%,93
keyword intent,0,11,0%,94.73
on page seo check,0,11,0%,94.91
check robots txt,0,11,0%,95.55
character count for meta description,0,11,0%,96
seo title meta description length,0,10,0%,65.5
seo ai checker,0,10,0%,85.6
robots.txt validators,0,10,0%,86.5
keyword sugest,0,10,0%,95.1
title length seo,0,10,0%,97.8
check backlinks anchor text,0,9,0%,52.89
keyword gap analysis free,0,9,0%,55.67
seo title description length,0,9,0%,59.33
seo health tool,0,9,0%,60
create meta tags,0,9,0%,61.11
how to check keyword difficulty,0,9,0%,96.11
canonical tag checker,0,9,0%,96.78
on-page checker,0,9,0%,97.33
competitor keyword gap analysis service cost,0,8,0%,22.75
duplicate meta descriptions checker,0,8,0%,34.25
seo tools keyword difficulty,0,8,0%,51.25
ai content detector seo,0,8,0%,59.38
description length seo,0,8,0%,59.62
backlink tracking,0,8,0%,62.88
seo ai content detector,0,8,0%,69.62
seo tools ai checker,0,8,0%,71
seo snippet optimizer,0,8,0%,78.25
seo tool ai checker,0,8,0%,80.25
robots txt validate,0,8,0%,82.75
keyword suggestion tool,0,8,0%,87.5
seo keyword suggestion,0,8,0%,87.75
on-page seo check,0,8,0%,88
ctr tool,0,8,0%,95.5
keyword sugestions,0,8,0%,95.88
nap checker,0,7,0%,43.86
local citation finder,0,7,0%,45.57
meta desc length,0,7,0%,47.57
keyword identifier tool,0,7,0%,59.43
seo detector ai,0,7,0%,69
keyword gap analysis tool,0,7,0%,69.43
domain comparison tool,0,7,0%,71.71
seo tools ai detector,0,7,0%,77.14
length of meta description,0,7,0%,86
seo on-page checker,0,7,0%,96
nap consistency checker,0,6,0%,6.17
what is keyword overlap,0,6,0%,32
seo title description keywords length,0,6,0%,49.5
headline analyzer,0,6,0%,66
competitor keyword gap analysis,0,6,0%,77.67
nap score seo,0,6,0%,79
backlink anchor text analysis,0,6,0%,80.67
keywords suggestion tool,0,6,0%,81.67
seo score calculator,0,6,0%,82.33
anchor text checker,0,6,0%,86.33
duplicate content check kostenlos,0,6,0%,91
robot txt tester,0,6,0%,93.83
on-page seo checker,0,6,0%,97.5
json ld checker,0,6,0%,98.33
anchor text analysis,0,5,0%,52
seo comparison report,0,5,0%,53.2
seo tools keyword density,0,5,0%,72.8
keyword gap tool,0,5,0%,73.4
onpage seo audit tool,0,5,0%,74.2
text to html,0,5,0%,86.4
seo onpage checker,0,5,0%,88
check on page seo,0,5,0%,92.8
check on-page seo,0,5,0%,94
local citation checker free,0,4,0%,13.25
seo forecasting tool free,0,4,0%,26.75
google search result preview tool,0,4,0%,43.75
meta keywords length,0,4,0%,48.25
google search simulator,0,4,0%,55.25
free seo toolkit,0,4,0%,55.75
100 seo tips,0,4,0%,61.25
seo ai detector,0,4,0%,66.75
ai detector seo tools,0,4,0%,75.75
seo onpage audit tool,0,4,0%,83
competitor keyword checker,0,4,0%,88.25
keyword density for seo,0,4,0%,90.25
long tail keyword generator,0,4,0%,91.75
on-page seo audit,0,4,0%,94.5
on page seo checker,0,4,0%,99
suggest internal,0,3,0%,9.67
backlink anchor text analyzer,0,3,0%,41.67
301 redirect tool,0,3,0%,43
how to create long tail keywords,0,3,0%,44.67
google structured data validation,0,3,0%,45.67
sitemap visualizer,0,3,0%,46.67
seo difficulty tool,0,3,0%,47
seo title and meta description length,0,3,0%,47.67
on page seo audit free,0,3,0%,55.67
seo visibility checking tool,0,3,0%,55.67
local seo keyword generator,0,3,0%,61.33
meta title length check,0,3,0%,62.67
length meta description,0,3,0%,69.33
complete seo,0,3,0%,74.33
seo meta title length,0,3,0%,76
meta description length check,0,3,0%,85
validate robots txt,0,3,0%,85.67
keyword suggester,0,3,0%,95
keyword comparison,0,3,0%,97.33
local seo audit template,0,3,0%,98
free meta tag generator,0,3,0%,186
keyword overlap,0,2,0%,7
cms competitor seo analysis gap identification,0,2,0%,10.5
best free seo tools list 100,0,2,0%,11.5
seo keywords length,0,2,0%,34
100 free seo tool,0,2,0%,36
free keyword gap analysis,0,2,0%,40.5
verify structured data,0,2,0%,40.5
seoutility,0,2,0%,43.5
seo traffic estimator,0,2,0%,44
gmb optimization tool,0,2,0%,48.5
301 redirect seo benefits,0,2,0%,49
page title and meta description length,0,2,0%,49.5
featured snippet tool,0,2,0%,50.5
sitemap generator features,0,2,0%,54
seo basics 2021,0,2,0%,58.5
seo tool keyword density,0,2,0%,60
seo services pricing calculator,0,2,0%,62.5
meta descriptions length,0,2,0%,64.5
meta description character counter,0,2,0%,69.5
seo meta tag creation,0,2,0%,69.5
meta title and meta description length,0,2,0%,70
ld json validator,0,2,0%,77.5
seo on-page audit,0,2,0%,77.5
how to calculate keyword visibility,0,2,0%,78.5
ideal meta title length,0,2,0%,79
keyword density seo,0,2,0%,82
gmb seo tools,0,2,0%,83
meta description character count,0,2,0%,83
seo keywords density,0,2,0%,84.5
headline checker,0,2,0%,86.5
organic search forecasting,0,2,0%,90.5
seo title and description length,0,2,0%,91
google structured data testing tool,0,2,0%,91.5
check structured data,0,2,0%,93.5
keywords suggestions,0,2,0%,93.5
seo rating calculator free,0,2,0%,94
seo simulator,0,2,0%,94.5
guest post finder,0,2,0%,97.5
seo ctr software,0,2,0%,97.5
competitor checker,0,2,0%,98.5
keyword intent mapping,0,2,0%,98.5
seo workhorse local seo audit checklist for cosmetic practices,0,2,0%,99
on page checker tool,0,2,0%,99.5
seo cost calculator,0,2,0%,100.5
link evaluator,0,1,0%,6
local seo audit tool free,0,1,0%,6
gmb optimization tool free download,0,1,0%,8
reverse image search guidance,0,1,0%,9
turbo seo tools reverse image search,0,1,0%,10
reverse image search best practices,0,1,0%,12
keywords for estimation,0,1,0%,19
keyword clustering free tool,0,1,0%,34
open ctr predictor,0,1,0%,34
utility seo,0,1,0%,34
seo improver,0,1,0%,35
test canonical,0,1,0%,37
expanded keywords,0,1,0%,42
free content gap analysis tool,0,1,0%,42
100% free seo tools,0,1,0%,43
seo gap analysis tool,0,1,0%,46
visibility index,0,1,0%,47
competitor gap analysis tools for startups,0,1,0%,48
meta length,0,1,0%,48
meta tag length,0,1,0%,48
seo keyword length,0,1,0%,48
how to validate structured data,0,1,0%,50
meta tag writer,0,1,0%,50
keyword expansion,0,1,0%,52
meta keyword length,0,1,0%,53
how to make long tail keywords,0,1,0%,54
keyword density tool seo,0,1,0%,55
backlink checker anchor text,0,1,0%,57
json ld validator,0,1,0%,58
feature snippet optimization,0,1,0%,59
seo snippet tool,0,1,0%,60
how to make long-tail keywords,0,1,0%,62
json-ld validator,0,1,0%,62
meta description counter,0,1,0%,64
long tailed keywords generator,0,1,0%,65
google search preview tool,0,1,0%,69
seo keyword comparison tool,0,1,0%,69
seo backlink planner,0,1,0%,70
how to generate long tail keywords,0,1,0%,71
description meta tag length,0,1,0%,74
keyword density seo tool,0,1,0%,74
seo tools reverse image,0,1,0%,75
structured data validator,0,1,0%,76
ai checker seo,0,1,0%,77
html text converter,0,1,0%,78
link building outreach email templates,0,1,0%,79
anchor text checker tool,0,1,0%,80
headline analyzer.io,0,1,0%,81
text to html translator,0,1,0%,83
tools keyword difficulty,0,1,0%,84
free keyword gap analysis tool,0,1,0%,85
metadata description length,0,1,0%,85
how much does seo cost for a small business calculator,0,1,0%,86
seo difficulty checker,0,1,0%,86
free local seo audit,0,1,0%,87
seo citation checker,0,1,0%,87
seo description lenght,0,1,0%,87
longtail keywords generator,0,1,0%,88
tekst to html,0,1,0%,90
keyword intent tags,0,1,0%,91
product description tool,0,1,0%,91
seo headline analyzer,0,1,0%,91
seo meta title checker,0,1,0%,91
seo keywords suggestion,0,1,0%,92
seo keywords suggestion tool,0,1,0%,92
title length in seo,0,1,0%,92
meta description length seo,0,1,0%,93
seo friendly test,0,1,0%,93
long tail keywords generator,0,1,0%,94
seo keyword difficulty check tool,0,1,0%,94
search engine optimization pricing calculator free,0,1,0%,95
keyword density checker checkserp,0,1,0%,96
seo estimate,0,1,0%,96
free seo on page checker tool,0,1,0%,97
duplicate content checker seo,0,1,0%,98
duplicate content seo checker,0,1,0%,98
free seo onpage checker tool,0,1,0%,98
json ld testing tool,0,1,0%,98
backlink anchor text checker tool,0,1,0%,99
check onpage seo,0,1,0%,99
free headline analyzer tool,0,1,0%,99
hreflang generator,0,1,0%,99
keyword density recommendation,0,1,0%,99
onpage seo check,0,1,0%,99
seotools reverse image search,0,1,0%,99
free local seo checklist,0,1,0%,100
free long tail keyword tool,0,1,0%,100
onpage seo checker,0,1,0%,100
seo calculator,0,1,0%,100
seo content checker,0,1,0%,142
meta tag generator,0,1,0%,195