keyword,position,impressions
free keyword suggestion tool bulk,,
free keyword suggestion tool batch,,
free keyword suggestion tool mass,,
long-tail keyword generator bulk,,
long-tail keyword generator batch,,
long-tail keyword generator mass,,
keyword density checker bulk,,
keyword density checker batch,,
keyword density checker mass,,
keyword clustering tool bulk,,
keyword clustering tool batch,,
keyword clustering tool mass,,
keyword intent identifier bulk,,
keyword intent identifier batch,,
keyword intent identifier mass,,
keyword difficulty estimator bulk,,
keyword difficulty estimator batch,,
keyword difficulty estimator mass,,
trending keyword visualizer bulk,,
trending keyword visualizer batch,,
trending keyword visualizer mass,,
keyword gap finder bulk,,
keyword gap finder batch,,
keyword gap finder mass,,
keyword comparison tool bulk,,
keyword comparison tool batch,,
keyword comparison tool mass,,
keyword expansion tool bulk,,
keyword expansion tool batch,,
keyword expansion tool mass,,