url,intent
https://www.100seotools.com/,other
https://100seotools.com/,other
https://100seotools.com/tools/seo-checklist-generator,transactional
https://100seotools.com/tools/keyword-suggestion-tool,transactional
https://100seotools.com/blog/100-free-seo-tools-ultimate-list,informational
https://www.100seotools.com/blog/free-seo-tools-list-2024,informational
https://100seotools.com/tools/nap-consistency-checker,transactional
https://100seotools.com/tools/local-keyword-generator,transactional
https://100seotools.com/tools/content-freshness-checker,transactional
https://100seotools.com/tools/visibility-index-calculator,transactional
https://100seotools.com/tools/text-to-html-converter,transactional
https://100seotools.com/tools/ai-schema-generator,transactional
https://www.100seotools.com/blog/keyword-suggestion-tool,informational
https://100seotools.com/tools/keyword-clustering-tool,transactional
https://www.100seotools.com/blog/on-page-seo-audit-checker-how-to-use,informational
https://100seotools.com/blog/keyword-suggestion-tool,informational
https://100seotools.com/tools/robots-txt-validator,transactional
https://100seotools.com/tools/headline-analyzer,transactional
https://100seotools.com/blog/title-meta-length-counter,informational
https://www.100seotools.com/blog/title-meta-length-counter,informational
https://100seotools.com/tools/on-page-seo-audit-checker,transactional
https://100seotools.com/blog/title-meta-length-counter-features-benefits-keywords,informational
https://100seotools.com/tools/ai-content-detector,transactional
https://www.100seotools.com/blog/keyword-density-checker,informational
https://100seotools.com/blog/structured-data-validator,informational
https://100seotools.com/tools/featured-snippet-optimizer,transactional
https://www.100seotools.com/blog/nap-consistency-checker,informational
https://www.100seotools.com/blog/keyword-clustering-tool-features-benefits-keywords,informational
https://www.100seotools.com/blog/reverse-image-search,informational
https://www.100seotools.com/blog/visibility-index-calculator-popular-search-terms,informational
https://100seotools.com/blog/keyword-difficulty-estimator-features-benefits-keywords,informational
https://www.100seotools.com/blog/title-meta-length-counter-best-practices-integrations-costs,informational
https://100seotools.com/blog/robots-txt-validator,informational
https://www.100seotools.com/blog/local-keyword-generator-popular-search-terms,informational
https://100seotools.com/category,other
https://www.100seotools.com/blog/nap-consistency-checker-features-benefits-keywords/p/3,informational
https://www.100seotools.com/blog/tp/9,informational
https://www.100seotools.com/tools/local-citation-finder,transactional
https://www.100seotools.com/blog/competitor-gap-analyzer,informational
https://100seotools.com/blog/long-tail-keyword-generator-how-to-use,informational
https://www.100seotools.com/tools/competitor-keyword-overlap-checker,transactional
https://100seotools.com/blog/keyword-comparison-tool-features-benefits-keywords,informational
https://100seotools.com/blog/keyword-suggestion-tool-how-to-use,informational
https://100seotools.com/blog/on-page-seo-audit-checker-features-benefits-keywords,informational
https://www.100seotools.com/blog/anchor-text-analyzer-how-to-use,informational
https://www.100seotools.com/blog/meta-tag-generator,informational
https://www.100seotools.com/tools/competitor-gap-analyzer,transactional
https://100seotools.com/tools/meta-description-optimizer,transactional
https://www.100seotools.com/blog/domain-comparison-report-tool,informational
https://www.100seotools.com/blog/reverse-image-search-guide,informational
https://www.100seotools.com/blog/on-page-seo-audit-checker-popular-search-terms,informational
https://100seotools.com/blog/traffic-potential-calculator-features-benefits-keywords,informational
https://www.100seotools.com/tools/search-preview-simulator,transactional
https://100seotools.com/blog/local-keyword-generator,informational
https://www.100seotools.com/blog/featured-snippet-optimizer-popular-search-terms,informational
https://www.100seotools.com/tools/hreflang-tag-generator,transactional
https://www.100seotools.com/blog/domain-comparison-report-tool-features-benefits-keywords,informational
https://100seotools.com/blog/robots-txt-validator-how-to-use,informational
https://www.100seotools.com/blog/seo-health-score-calculator-popular-search-terms,informational
https://100seotools.com/tools/duplicate-content-checker,transactional
https://100seotools.com/tools/keyword-gap-finder,transactional
https://www.100seotools.com/blog/keyword-comparison-tool-how-to-use,informational
https://100seotools.com/blog/keyword-density-checker-features-benefits-keywords,informational
https://www.100seotools.com/blog/keyword-difficulty-estimator,informational
https://100seotools.com/blog/competitor-keyword-overlap-checker,informational
https://www.100seotools.com/seo-cost-calculator,other
https://www.100seotools.com/blog/headline-analyzer-popular-search-terms,informational
https://100seotools.com/blog/keyword-intent-identifier-how-to-use,informational
https://www.100seotools.com/category/seo-performance,other
https://100seotools.com/blog/reverse-image-search-features-benefits-keywords,informational
https://www.100seotools.com/blog/keyword-suggestion-tool-popular-search-terms,informational
https://www.100seotools.com/blog/title-meta-length-counter-popular-search-terms,informational
https://www.100seotools.com/blog/competitor-gap-analyzer-best-practices-integrations-costs,informational
https://www.100seotools.com/tools/local-seo-audit-checklist,transactional
https://www.100seotools.com/tools/anchor-text-analyzer,transactional
https://www.100seotools.com/blog/robots-txt-validator-best-practices-integrations-costs,informational
https://www.100seotools.com/tools/text-to-html-converter,transactional
https://www.100seotools.com/tools/canonical-tag-checker,transactional
https://100seotools.com/tools/xml-sitemap-visualizer,transactional
https://www.100seotools.com/blog/duplicate-content-checker,informational
https://www.100seotools.com/blog/seo-basics-59,informational
https://www.100seotools.com/blog/competitor-keyword-overlap-checker-best-practices-integrations-costs,informational
https://100seotools.com/blog/backlink-tracking-template-generator-popular-search-terms,informational
https://100seotools.com/blog/ctr-predictor-features-benefits-keywords,informational
https://www.100seotools.com/category/ai-tools,other
https://100seotools.com/category/seo-analysis,other
https://www.100seotools.com/blog/local-seo-audit-checklist-checklist-workflow,informational
https://100seotools.com/tools/competitor-gap-analyzer,transactional
https://100seotools.com/tools/keyword-density-checker,transactional
https://www.100seotools.com/tools/ranking-opportunity-finder,transactional
https://100seotools.com/blog/geo-keyword-expansion-tool-features-benefits-keywords,informational
https://100seotools.com/blog/domain-comparison-report-tool-how-to-use,informational
https://www.100seotools.com/blog/keyword-expansion-tool-popular-search-terms,informational
https://100seotools.com/blog/ai-blog-intro-writer-how-to-use,informational
https://www.100seotools.com/blog/seo-basics-0,informational
https://100seotools.com/tools/local-seo-audit-checklist,transactional
https://www.100seotools.com/blog/anchor-text-analyzer-features-benefits-keywords,informational
https://www.100seotools.com/blog/keyword-clustering-tool,informational
https://www.100seotools.com/blog/keyword-suggestion-tool-checklist-workflow/p/2,informational
https://100seotools.com/tools/redirect-301-generator,transactional
https://www.100seotools.com/blog/structured-data-validator-best-practices-integrations-costs,informational
https://100seotools.com/tools/traffic-potential-calculator,transactional
https://www.100seotools.com/blog/ai-content-improver,informational
https://100seotools.com/tools/product-description-generator,transactional
https://100seotools.com/tools/organic-growth-forecast-tool,transactional
https://100seotools.com/blog/nap-consistency-checker-guide-1,informational
https://www.100seotools.com/blog/mobile-friendly-test-how-to-use,informational
https://100seotools.com/blog/competitor-keyword-overlap-checker-checklist-workflow,informational
https://100seotools.com/blog/seo-basics-16,informational
https://100seotools.com/blog/competitor-gap-analyzer-features-benefits-keywords,informational
https://www.100seotools.com/seo-calculator,other
https://www.100seotools.com/blog/site-comparison-report-generator-how-to-use,informational
https://www.100seotools.com/blog/nap-consistency-checker-popular-search-terms,informational
https://www.100seotools.com/blog/seo-basics-29,informational
https://www.100seotools.com/blog/seo-health-score-calculator-best-practices-integrations-costs,informational
https://100seotools.com/tools/keyword-difficulty-estimator,transactional
https://100seotools.com/blog/long-tail-keyword-generator,informational
https://www.100seotools.com/blog/seo-health-score-calculator,informational
https://100seotools.com/tools/search-preview-simulator,transactional
https://www.100seotools.com/blog/seo-basics-99,informational
https://100seotools.com/blog/site-comparison-report-generator-guide-1,informational
https://100seotools.com/tools/local-citation-finder,transactional
https://www.100seotools.com/blog/redirect-301-generator,informational
https://www.100seotools.com/blog/seo-basics-9,informational
https://100seotools.com/blog/seo-basics-45,informational
https://www.100seotools.com/blog/seo-checklist-generator-popular-search-terms,informational
https://100seotools.com/tools/robots-txt-creator,transactional
https://100seotools.com/blog/traffic-potential-calculator-popular-search-terms,informational
https://www.100seotools.com/tools/location-based-content-idea-generator,transactional
https://100seotools.com/blog/competitor-gap-analyzer-how-to-use,informational
https://100seotools.com/blog/robots-txt-validator-best-practices-integrations-costs,informational
https://100seotools.com/tools/keyword-intent-identifier,transactional
https://100seotools.com/blog/site-comparison-report-generator-guide-2,informational
https://www.100seotools.com/blog/seo-basics-60,informational
https://100seotools.com/blog/xml-sitemap-visualizer-best-practices-integrations-costs,informational
https://www.100seotools.com/blog/keyword-expansion-tool-features-benefits-keywords,informational
https://www.100seotools.com/blog/featured-snippet-optimizer,informational
https://www.100seotools.com/tools/ai-meta-tag-writer,transactional
https://100seotools.com/blog/seo-checklist-generator,informational
https://www.100seotools.com/blog/local-keyword-generator-features-benefits-keywords,informational
https://100seotools.com/category/competitor-analysis,other
https://100seotools.com/blog/p/11,informational
https://100seotools.com/blog/content-freshness-checker-features-benefits-keywords,informational
https://www.100seotools.com/blog/robots-txt-creator-checklist-workflow,informational
https://www.100seotools.com/blog/ai-blog-intro-writer-checklist-workflow,informational
https://100seotools.com/tools/canonical-url-builder,transactional
https://100seotools.com/tools/sitemap-generator,transactional
https://www.100seotools.com/tools/link-relevance-evaluator,transactional
https://www.100seotools.com/blog/seo-basics-90,informational
https://100seotools.com/blog/xml-sitemap-visualizer-checklist-workflow,informational
https://100seotools.com/blog/free-robots-txt-generator-guide-1,informational
https://100seotools.com/blog/seo-basics-43,informational
https://www.100seotools.com/tools/meta-tag-comparison-tool,transactional
https://100seotools.com/blog/local-citation-finder-how-to-use,informational
https://100seotools.com/blog/seo-basics-84,informational
https://100seotools.com/tools/internal-link-suggestion-tool,transactional
https://www.100seotools.com/blog/ai-article-length-optimizer-features-benefits-keywords,informational
https://www.100seotools.com/blog/outreach-email-template-generator-popular-search-terms,informational
https://www.100seotools.com/blog/robots-txt-validator-guide-3/p/4,informational
https://www.100seotools.com/blog/url-slug-generator-checklist-workflow,informational
https://www.100seotools.com/blog/content-freshness-checker-guide-1/p/2,informational
https://www.100seotools.com/blog/faq-generator-best-practices-integrations-costs,informational
https://www.100seotools.com/blog/robots-txt-validator-guide-3/p/3,informational
https://www.100seotools.com/tools/ai-blog-intro-writer,transactional
https://100seotools.com/blog/og-tag-generator,informational
https://100seotools.com/tools/keyword-expansion-tool,transactional
https://100seotools.com/blog/image-alt-tag-generator-best-practices-integrations-costs,informational
https://www.100seotools.com/blog/seo-basics-62,informational
https://100seotools.com/category/seo-performance,other
https://100seotools.com/tools/trending-keyword-visualizer,transactional
https://www.100seotools.com/category/seo-utility,other
https://100seotools.com/tools/mobile-friendly-test,transactional
https://100seotools.com/tools/paragraph-keyword-optimizer,transactional
https://100seotools.com/blog/reverse-image-search-best-practices-integrations-costs,informational
https://100seotools.com/blog/long-tail-keyword-generator-best-practices-integrations-costs,informational
https://www.100seotools.com/blog/visibility-index-calculator-how-to-use,informational
https://www.100seotools.com/tools/gmb-optimization-helper,transactional
https://100seotools.com/blog/seo-basics-28,informational
https://www.100seotools.com/blog/sitemap-generator-features-benefits-keywords,informational
https://100seotools.com/blog/seo-basics-40,informational
https://100seotools.com/blog/seo-basics-21,informational
https://100seotools.com/blog/keyword-intent-identifier-features-benefits-keywords,informational
https://100seotools.com/blog/seo-basics-5,informational
https://www.100seotools.com/category/technical-seo,other
https://www.100seotools.com/blog/keyword-suggestion-tool-best-practices-integrations-costs,informational
https://www.100seotools.com/blog/headline-analyzer-how-to-use,informational
https://100seotools.com/blog/anchor-text-analyzer-checklist-workflow,informational
https://www.100seotools.com/blog/nap-consistency-checker-guide-2,informational
https://www.100seotools.com/blog/featured-snippet-optimizer-best-practices-integrations-costs,informational
https://100seotools.com/blog/meta-description-optimizer,informational
https://www.100seotools.com/blog/ctr-predictor-best-practices-integrations-costs,informational
https://www.100seotools.com/tools/guest-posting-opportunity-finder,transactional
https://100seotools.com/blog/keyword-intent-identifier,informational
https://100seotools.com/blog/mobile-friendly-test,informational
https://100seotools.com/blog/meta-description-optimizer-features-benefits-keywords,informational
https://www.100seotools.com/blog/og-tag-generator-how-to-use,informational
https://www.100seotools.com/faq,other
https://100seotools.com/tools/content-length-comparator,transactional
https://100seotools.com/tools/og-tag-generator,transactional
https://www.100seotools.com/blog/blog-title-generator-guide-2,informational
https://www.100seotools.com/blog/keyword-intent-identifier-best-practices-integrations-costs,informational
https://www.100seotools.com/blog/keyword-placement-highlighter,informational
https://www.100seotools.com/blog/outreach-email-template-generator-features-benefits-keywords,informational
https://www.100seotools.com/blog/ranking-progress-tracker-features-benefits-keywords,informational
https://www.100seotools.com/blog/seo-basics-11/p/5,informational
https://www.100seotools.com/tools,other
https://100seotools.com/blog/traffic-potential-calculator-best-practices-integrations-costs,informational
https://100seotools.com/tools/redirect-checker,transactional
https://www.100seotools.com/blog/ai-content-detection-guide-2024,informational
https://www.100seotools.com/blog/faq-generator,informational
https://www.100seotools.com/blog/organic-growth-forecast-tool-best-practices-integrations-costs,informational
https://www.100seotools.com/blog/outreach-email-template-generator-best-practices-integrations-costs,informational
https://100seotools.com/blog/keyword-placement-highlighter,informational
https://www.100seotools.com/blog/page-speed-score-simulator-features-benefits-keywords,informational
https://www.100seotools.com/tools/impression-to-click-ratio-calculator,transactional
https://www.100seotools.com/tools/internal-linking-planner,transactional
https://100seotools.com/blog/faq-generator-checklist-workflow,informational
https://100seotools.com/tools/text-translator,transactional
https://www.100seotools.com/blog/ai-blog-intro-writer-guide-1,informational
https://www.100seotools.com/blog/content-freshness-checker-features-benefits-keywords,informational
https://www.100seotools.com/blog/ctr-predictor,informational
https://www.100seotools.com/blog/image-alt-tag-generator-best-practices-integrations-costs,informational
https://100seotools.com/blog/ranking-progress-tracker,informational
https://100seotools.com/blog/text-translator-how-to-use,informational
https://www.100seotools.com/blog/seo-basics-83,informational
https://www.100seotools.com/blog/text-translator,informational
https://www.100seotools.com/tools/keyword-share-estimator,transactional
https://100seotools.com/blog/local-seo-audit-checklist-best-practices-integrations-costs,informational
https://100seotools.com/blog/meta-description-writer-popular-search-terms,informational
https://100seotools.com/blog/seo-basics-77,informational
https://100seotools.com/tools/gmb-optimization-helper,transactional
https://100seotools.com/blog/impression-to-click-ratio-calculator-best-practices-integrations-costs,informational
https://100seotools.com/blog/reverse-image-search-checklist-workflow,informational
https://100seotools.com/blog/seo-basics-47,informational
https://www.100seotools.com/blog/ai-schema-generator-best-practices-integrations-costs,informational
https://www.100seotools.com/blog/meta-tag-comparison-tool-how-to-use,informational
https://www.100seotools.com/blog/readability-score-calculator-popular-search-terms,informational
https://www.100seotools.com/blog/xml-sitemap-visualizer,informational
https://www.100seotools.com/blog/xml-sitemap-visualizer-guide-3,informational
https://www.100seotools.com/blog/xml-sitemap-visualizer-how-to-use,informational
https://100seotools.com/blog/ai-keyword-explainer,informational
https://100seotools.com/blog/canonical-url-builder-best-practices-integrations-costs,informational
https://100seotools.com/blog/nap-consistency-checker-popular-search-terms,informational
https://100seotools.com/blog/ranking-progress-tracker-features-benefits-keywords,informational
https://100seotools.com/blog/seo-basics-41,informational
https://100seotools.com/blog/seo-checklist-generator-guide-2,informational
https://100seotools.com/tools/ai-keyword-explainer,transactional
https://100seotools.com/tools/ctr-predictor,transactional
https://www.100seotools.com/blog/seo-basics-100/p/4,informational
https://www.100seotools.com/category/content-optimization,other
https://www.100seotools.com/tools/internal-link-suggestion-tool,transactional
https://www.100seotools.com/blog/content-freshness-checker-best-practices-integrations-costs/p/4,informational
https://www.100seotools.com/blog/keyword-placement-highlighter-checklist-workflow,informational
https://www.100seotools.com/blog/meta-tag-generator-best-practices-integrations-costs,informational
https://www.100seotools.com/blog/review-response-generator-guide-1,informational
https://100seotools.com/blog/text-translator-checklist-workflow,informational
https://www.100seotools.com/blog/internal-link-suggestion-tool-popular-search-terms,informational
https://www.100seotools.com/blog/reverse-image-search-features-benefits-keywords/p/4,informational
https://www.100seotools.com/blog/keyword-share-estimator-features-benefits-keywords,informational
https://www.100seotools.com/blog/traffic-potential-calculator,informational
https://www.100seotools.com/blog/seo-basics-65,informational
https://100seotools.com/blog/seo-basics-7,informational
https://100seotools.com/tools/url-slug-generator,transactional
https://100seotools.com/blog/link-toxicity-checker,informational
https://www.100seotools.com/blog/ctr-predictor-checklist-workflow,informational
https://www.100seotools.com/blog/structured-data-validator-features-benefits-keywords,informational
https://100seotools.com/blog/ai-content-improver,informational
https://www.100seotools.com/blog/canonical-tag-checker,informational
https://www.100seotools.com/blog/seo-checklist-generator-checklist-workflow,informational
https://100seotools.com/blog/local-keyword-generator-guide-3,informational
https://100seotools.com/blog/redirect-301-generator-features-benefits-keywords,informational
https://100seotools.com/blog/seo-basics-17,informational
https://www.100seotools.com/blog/redirect-301-generator-features-benefits-keywords/p/2,informational
https://www.100seotools.com/blog/keyword-intent-identifier-checklist-workflow,informational
https://www.100seotools.com/blog/robots-txt-validator-checklist-workflow,informational
https://www.100seotools.com/blog/long-tail-keyword-generator-guide-2,informational
https://100seotools.com/blog/anchor-text-analyzer-best-practices-integrations-costs,informational
https://100seotools.com/blog/visibility-index-calculator,informational
https://100seotools.com/tools/anchor-text-analyzer,transactional
https://www.100seotools.com/blog/keyword-expansion-tool-guide-3,informational
https://www.100seotools.com/blog/ai-content-improver-features-benefits-keywords,informational
https://www.100seotools.com/blog/internal-linking-planner,informational
https://www.100seotools.com/blog/review-response-generator-guide-3/p/5,informational
https://www.100seotools.com/blog/seo-checklist-generator-how-to-use,informational
https://100seotools.com/blog/google-my-business-optimization-helper-guide-1,informational
https://100seotools.com/blog/faq-generator-features-benefits-keywords,informational
https://www.100seotools.com/blog/gmb-optimization-helper-best-practices-integrations-costs,informational
https://100seotools.com/tools/ranking-progress-tracker,transactional
https://www.100seotools.com/blog/blog-title-generator-checklist-workflow,informational
https://www.100seotools.com/blog/keyword-intent-identifier-guide-2,informational
https://100seotools.com/blog/meta-tag-comparison-tool-best-practices-integrations-costs,informational
https://www.100seotools.com/blog/outreach-email-template-generator-how-to-use,informational
https://100seotools.com/blog/gmb-optimization-helper-how-to-use,informational
https://100seotools.com/blog/local-schema-builder-features-benefits-keywords,informational
https://www.100seotools.com/blog/keyword-expansion-tool,informational
https://www.100seotools.com/blog/meta-description-writer-guide-1,informational
https://100seotools.com/blog/organic-growth-forecast-tool-checklist-workflow,informational
https://100seotools.com/blog/domain-authority-simulator-guide-2,informational
https://100seotools.com/blog/ai-content-improver-guide-3,informational
https://100seotools.com/blog/competitor-keyword-overlap-checker-popular-search-terms,informational
https://100seotools.com/tools/readability-score-calculator,transactional
https://www.100seotools.com/blog/keyword-expansion-tool-how-to-use/p/3,informational
https://www.100seotools.com/blog/keyword-intent-identifier-popular-search-terms,informational
https://www.100seotools.com/blog/nap-consistency-checker-guide-3,informational
https://www.100seotools.com/blog/trending-keyword-visualizer-guide-1,informational
https://www.100seotools.com/tools/product-description-generator,transactional
https://www.100seotools.com/tools/title-meta-length-counter,transactional
https://www.100seotools.com/blog/image-alt-tag-generator-features-benefits-keywords,informational
https://100seotools.com/blog/long-tail-keyword-generator-popular-search-terms,informational
https://100seotools.com/blog/seo-basics-89,informational
https://www.100seotools.com/blog/ai-snippet-generator-guide-2,informational
https://www.100seotools.com/blog/ai-snippet-generator-guide-3,informational
https://www.100seotools.com/blog/organic-growth-forecast-tool-guide-1,informational
https://100seotools.com/blog/keyword-roi-calculator-guide-3,informational
https://www.100seotools.com/blog/internal-link-suggestion-tool-how-to-use,informational
https://www.100seotools.com/blog/ranking-progress-tracker-guide-3,informational
https://www.100seotools.com/blog/seo-basics-49,informational
https://www.100seotools.com/blog/duplicate-content-checker-features-benefits-keywords,informational
https://www.100seotools.com/blog/seo-basics-10,informational
https://100seotools.com/blog/seo-basics-88,informational
https://www.100seotools.com/blog/paragraph-keyword-optimizer-guide-3,informational
https://www.100seotools.com/blog/reverse-image-search-how-to-use/p/3,informational
https://www.100seotools.com/blog/local-citation-finder-guide-1,informational
https://www.100seotools.com/blog/headline-analyzer-how-to-use/p/2,informational
https://100seotools.com/blog/word-count-structure-checker,informational
https://100seotools.com/blog/ranking-opportunity-finder-how-to-use,informational
https://100seotools.com/blog/free-schema-markup-generator-guide-1,informational
https://www.100seotools.com/blog/meta-description-writer-how-to-use/p/5,informational
https://www.100seotools.com/blog/text-translator-popular-search-terms,informational
https://www.100seotools.com/blog/anchor-text-analyzer-best-practices-integrations-costs/p/5,informational
https://www.100seotools.com/tools/ai-faq-creator,transactional