tool,keyword,position,ctr,clicks,impressions,volume,difficulty
Free Keyword Suggestion Tool,free keyword suggestion tool free,,,,,,
Free Keyword Suggestion Tool,free keyword suggestion tool online,,,,,,
Free Keyword Suggestion Tool,free keyword suggestion tool no signup,,,,,,
Free Keyword Suggestion Tool,free keyword suggestion tool tool,,,,,,
Free Keyword Suggestion Tool,free keyword suggestion tool generator,,,,,,
Free Keyword Suggestion Tool,free free keyword suggestion tool,,,,,,
Long-Tail Keyword Generator,long-tail keyword generator free,,,,,,
Long-Tail Keyword Generator,long-tail keyword generator online,,,,,,
Long-Tail Keyword Generator,long-tail keyword generator no signup,,,,,,
Long-Tail Keyword Generator,long-tail keyword generator tool,,,,,,
Long-Tail Keyword Generator,long-tail keyword generator generator,,,,,,
Long-Tail Keyword Generator,free long-tail keyword generator,,,,,,
Keyword Density Checker,keyword density checker free,,,,,,
Keyword Density Checker,keyword density checker online,,,,,,
Keyword Density Checker,keyword density checker no signup,,,,,,
Keyword Density Checker,keyword density checker tool,,,,,,
Keyword Density Checker,keyword density checker generator,,,,,,
Keyword Density Checker,free keyword density checker,,,,,,
Keyword Clustering Tool,keyword clustering tool free,75.92,0,0,12,,
Keyword Clustering Tool,keyword clustering tool online,,,,,,
Keyword Clustering Tool,keyword clustering tool no signup,,,,,,
Keyword Clustering Tool,keyword clustering tool tool,,,,,,
Keyword Clustering Tool,keyword clustering tool generator,,,,,,
Keyword Clustering Tool,free keyword clustering tool,81.8,0,0,240,,
Keyword Intent Identifier,keyword intent identifier free,,,,,,
Keyword Intent Identifier,keyword intent identifier online,,,,,,
Keyword Intent Identifier,keyword intent identifier no signup,,,,,,
Keyword Intent Identifier,keyword intent identifier tool,,,,,,
Keyword Intent Identifier,keyword intent identifier generator,,,,,,
Keyword Intent Identifier,free keyword intent identifier,,,,,,
Keyword Difficulty Estimator,keyword difficulty estimator free,,,,,,
Keyword Difficulty Estimator,keyword difficulty estimator online,,,,,,
Keyword Difficulty Estimator,keyword difficulty estimator no signup,,,,,,
Keyword Difficulty Estimator,keyword difficulty estimator tool,,,,,,
Keyword Difficulty Estimator,keyword difficulty estimator generator,,,,,,
Keyword Difficulty Estimator,free keyword difficulty estimator,,,,,,
Trending Keyword Visualizer,trending keyword visualizer free,,,,,,
Trending Keyword Visualizer,trending keyword visualizer online,,,,,,
Trending Keyword Visualizer,trending keyword visualizer no signup,,,,,,
Trending Keyword Visualizer,trending keyword visualizer tool,,,,,,
Trending Keyword Visualizer,trending keyword visualizer generator,,,,,,
Trending Keyword Visualizer,free trending keyword visualizer,,,,,,
Keyword Gap Finder,keyword gap finder free,,,,,,
Keyword Gap Finder,keyword gap finder online,,,,,,
Keyword Gap Finder,keyword gap finder no signup,,,,,,
Keyword Gap Finder,keyword gap finder tool,,,,,,
Keyword Gap Finder,keyword gap finder generator,,,,,,
Keyword Gap Finder,free keyword gap finder,,,,,,
Keyword Comparison Tool,keyword comparison tool free,,,,,,
Keyword Comparison Tool,keyword comparison tool online,,,,,,
Keyword Comparison Tool,keyword comparison tool no signup,,,,,,
Keyword Comparison Tool,keyword comparison tool tool,,,,,,
Keyword Comparison Tool,keyword comparison tool generator,,,,,,
Keyword Comparison Tool,free keyword comparison tool,,,,,,
Keyword Expansion Tool,keyword expansion tool free,,,,,,
Keyword Expansion Tool,keyword expansion tool online,,,,,,
Keyword Expansion Tool,keyword expansion tool no signup,,,,,,
Keyword Expansion Tool,keyword expansion tool tool,,,,,,
Keyword Expansion Tool,keyword expansion tool generator,,,,,,
Keyword Expansion Tool,free keyword expansion tool,,,,,,
Free Meta Tag Generator,free meta tag generator free,,,,,,
Free Meta Tag Generator,free meta tag generator online,,,,,,
Free Meta Tag Generator,free meta tag generator no signup,,,,,,
Free Meta Tag Generator,free meta tag generator tool,,,,,,
Free Meta Tag Generator,free meta tag generator generator,,,,,,
Free Meta Tag Generator,free free meta tag generator,,,,,,
Meta Description Optimizer,meta description optimizer free,,,,,,
Meta Description Optimizer,meta description optimizer online,,,,,,
Meta Description Optimizer,meta description optimizer no signup,,,,,,
Meta Description Optimizer,meta description optimizer tool,,,,,,
Meta Description Optimizer,meta description optimizer generator,,,,,,
Meta Description Optimizer,free meta description optimizer,,,,,,
Heading Analyzer,heading analyzer free,,,,,,
Heading Analyzer,heading analyzer online,,,,,,
Heading Analyzer,heading analyzer no signup,,,,,,
Heading Analyzer,heading analyzer tool,,,,,,
Heading Analyzer,heading analyzer generator,,,,,,
Heading Analyzer,free heading analyzer,,,,,,
Word Count & Structure Checker,word count & structure checker free,,,,,,
Word Count & Structure Checker,word count & structure checker online,,,,,,
Word Count & Structure Checker,word count & structure checker no signup,,,,,,
Word Count & Structure Checker,word count & structure checker tool,,,,,,
Word Count & Structure Checker,word count & structure checker generator,,,,,,
Word Count & Structure Checker,free word count & structure checker,,,,,,
Readability Score Calculator,readability score calculator free,,,,,,
Readability Score Calculator,readability score calculator online,,,,,,
Readability Score Calculator,readability score calculator no signup,,,,,,
Readability Score Calculator,readability score calculator tool,,,,,,
Readability Score Calculator,readability score calculator generator,,,,,,
Readability Score Calculator,free readability score calculator,,,,,,
Duplicate Content Checker,duplicate content checker free,,,,,,
Duplicate Content Checker,duplicate content checker online,,,,,,
Duplicate Content Checker,duplicate content checker no signup,,,,,,
Duplicate Content Checker,duplicate content checker tool,,,,,,
Duplicate Content Checker,duplicate content checker generator,,,,,,
Duplicate Content Checker,free duplicate content checker,,,,,,
Internal Link Suggestion Tool,internal link suggestion tool free,,,,,,
Internal Link Suggestion Tool,internal link suggestion tool online,,,,,,
Internal Link Suggestion Tool,internal link suggestion tool no signup,,,,,,
Internal Link Suggestion Tool,internal link suggestion tool tool,,,,,,
Internal Link Suggestion Tool,internal link suggestion tool generator,,,,,,
Internal Link Suggestion Tool,free internal link suggestion tool,,,,,,
Image Alt Tag Generator,image alt tag generator free,,,,,,
Image Alt Tag Generator,image alt tag generator online,,,,,,
Image Alt Tag Generator,image alt tag generator no signup,,,,,,
Image Alt Tag Generator,image alt tag generator tool,,,,,,
Image Alt Tag Generator,image alt tag generator generator,,,,,,
Image Alt Tag Generator,free image alt tag generator,,,,,,
On-Page SEO Audit Checker,on-page seo audit checker free,,,,,,
On-Page SEO Audit Checker,on-page seo audit checker online,,,,,,
On-Page SEO Audit Checker,on-page seo audit checker no signup,,,,,,
On-Page SEO Audit Checker,on-page seo audit checker tool,,,,,,
On-Page SEO Audit Checker,on-page seo audit checker generator,,,,,,
On-Page SEO Audit Checker,free on-page seo audit checker,,,,,,
Free Schema Markup Generator,free schema markup generator free,,,,,,
Free Schema Markup Generator,free schema markup generator online,,,,,,
Free Schema Markup Generator,free schema markup generator no signup,,,,,,
Free Schema Markup Generator,free schema markup generator tool,,,,,,
Free Schema Markup Generator,free schema markup generator generator,,,,,,
Free Schema Markup Generator,free free schema markup generator,,,,,,